now,0
that,1
she,2
s,3
back,4
in,5
the,6
atmosphere,7
with,8
drops,9
of,10
jupiter,11
her,12
hair,13
hey,14
acts,15
like,16
summer,17
and,18
walks,19
rain,20
reminds,21
me,22
there,23
time,24
to,25
change,26
since,27
return,28
stay,29
on,30
moon,31
listens,32
spring,33
talks,34
june,35
tell,36
did,37
you,38
sail,39
across,40
sun,41
make,42
it,43
milky,44
way,45
see,46
lights,47
all,48
faded,49
heaven,50
is,51
overrated,52
fall,53
from,54
shooting,55
star,56
one,57
without,58
a,59
permanent,60
scar,61
miss,62
while,63
were,64
looking,65
for,66
yourself,67
out,68
soul,69
vacation,70
tracing,71
through,72
constellation,73
mm,74
checks,75
mozart,76
does,77
tae,78
bo,79
room,80
grow,81
yeah,82
i,83
m,84
afraid,85
might,86
think,87
as,88
plain,89
ol,90
jane,91
told,92
story,93
about,94
man,95
who,96
was,97
too,98
fly,99
so,100
he,101
never,102
land,103
but,104
wind,105
sweep,106
off,107
your,108
feet,109
finally,110
get,111
chance,112
dance,113
along,114
light,115
day,116
head,117
venus,118
blow,119
mind,120
everything,121
wanted,122
find,123
can,124
imagine,125
love,126
pride,127
deep,128
fried,129
chicken,130
best,131
friend,132
always,133
sticking,134
up,135
even,136
when,137
know,138
re,139
wrong,140
first,141
freeze,142
dried,143
romance,144
five,145
hour,146
phone,147
conversation,148
soy,149
latte,150
ever,151
had,152
toward,153
are,154
lonely,155
keep,156
going,157
river,158
pray,159
cause,160
need,161
something,162
wash,163
pain,164
at,165
most,166
sleeping,167
these,168
demons,169
away,170
ghost,171
keeps,172
awake,173
my,174
friends,175
figured,176
they,177
saw,178
what,179
inside,180
tried,181
hiding,182
another,183
evil,184
coming,185
guys,186
sitting,187
wall,188
watch,189
every,190
move,191
bright,192
living,193
shade,194
cold,195
heart,196
makes,197
spirit,198
shake,199
go,200
hell,201
prove,202
not,203
insane,204
meet,205
devil,206
just,207
his,208
name,209
burning,210
still,211
each,212
turn,213
around,214
creeping,215
let,216
under,217
skin,218
sin,219
boy,220
true,221
hurt,222
don,223
t,224
deserve,225
truth,226
learn,227
give,228
stop,229
haunting,230
baby,231
no,232
more,233
awakei,234
spent,235
money,236
big,237
old,238
fancy,239
car,240
eyed,241
honeys,242
oh,243
till,244
high,245
birds,246
start,247
calling,248
addicted,249
why,250
guess,251
ve,252
been,253
this,254
roads,255
steer,256
drive,257
them,258
night,259
long,260
young,261
wild,262
girls,263
mess,264
ll,265
be,266
death,267
matter,268
do,269
come,270
lost,271
words,272
say,273
believing,274
own,275
lies,276
will,277
okay,278
dream,279
simple,280
life,281
meets,282
girl,283
wife,284
exist,285
live,286
much,287
yes,288
youi,289
loud,290
jumped,291
touched,292
clouds,293
wo,294
oah,295
stretched,296
hands,297
sky,298
we,299
danced,300
monsters,301
gonna,302
look,303
whoa,304
please,305
wake,306
ah,307
ife,308
howled,309
then,310
came,311
crashing,312
possibilities,313
limits,314
epiphanies,315
hear,316
outside,317
window,318
feel,319
stars,320
til,321
midnight,322
lose,323
control,324
gotta,325
everybody,326
ifei,327
carry,328
weight,329
heavy,330
icy,331
am,332
numb,333
heading,334
thousand,335
eyes,336
stumble,337
tired,338
growing,339
older,340
getting,341
weaker,342
lay,343
down,344
here,345
beside,346
shallow,347
water,348
where,349
shining,350
us,351
hallowed,352
silver,353
lightning,354
stays,355
until,356
sirens,357
follow,358
low,359
hit,360
hold,361
tightly,362
hard,363
breathe,364
drowning,365
stealing,366
breath,367
take,368
callingam,369
thinking,370
box,371
saying,372
choose,373
ain,374
trying,375
else,376
doing,377
if,378
thing,379
walking,380
road,381
mine,382
call,383
home,384
could,385
real,386
reach,387
things,388
how,389
tripping,390
having,391
vision,392
prediction,393
imma,394
top,395
world,396
walk,397
decide,398
fight,399
yours,400
compare,401
worry,402
alone,403
wanna,404
right,405
seei,406
insides,407
feeling,408
hollow,409
pill,410
swallow,411
recover,412
same,413
really,414
want,415
somebody,416
only,417
half,418
touch,419
single,420
such,421
act,422
today,423
leave,424
tomorrow,425
little,426
front,427
asking,428
should,429
tonight,430
yeahpeople,431
shouldn,432
together,433
forever,434
talk,435
talking,436
stronger,437
wait,438
any,439
longer,440
bet,441
knew,442
would,443
jealous,444
nights,445
waited,446
feels,447
believer,448
kiss,449
gets,450
sweeter,451
better,452
special,453
done,454
anything,455
between,456
our,457
secret,458
em,459
ushow,460
above,461
seasons,462
their,463
plan,464
sea,465
bound,466
sand,467
by,468
far,469
father,470
however,471
may,472
youwhen,473
signed,474
deal,475
felt,476
pressure,477
numbers,478
write,479
song,480
sorry,481
won,482
happily,483
tend,484
close,485
door,486
sing,487
have,488
moving,489
requires,490
foolish,491
work,492
puppet,493
against,494
strings,495
set,496
fret,497
lovesame,498
bed,499
bit,500
bigger,501
radio,502
sound,503
tear,504
breaks,505
oooh,506
hmmm,507
dumb,508
realize,509
bought,510
flowers,511
held,512
hand,513
gave,514
hours,515
party,516
dancing,517
ego,518
needs,519
selfish,520
ways,521
caused,522
good,523
strong,524
woman,525
clean,526
made,527
haunts,528
sounds,529
mmm,530
although,531
hurts,532
probably,533
late,534
try,535
apologize,536
mistakes,537
hope,538
buys,539
holds,540
has,541
remember,542
loved,543
manam,544
dead,545
quitter,546
than,547
local,548
street,549
smiling,550
dying,551
drag,552
few,553
drinks,554
help,555
forget,556
after,557
many,558
end,559
crazy,560
perfect,561
sense,562
mates,563
calm,564
shouting,565
over,566
town,567
swearing,568
drunk,569
listen,570
though,571
slurred,572
dialed,573
number,574
confessed,575
heard,576
nothing,577
railings,578
fences,579
face,580
senses,581
step,582
leads,583
sees,584
hurting,585
sure,586
said,587
got,588
sometimes,589
intoxicating,590
shaking,591
waiting,592
nothingi,593
care,594
nobody,595
people,596
ordinary,597
telling,598
shot,599
scary,600
hearts,601
break,602
pretending,603
slow,604
club,605
track,606
plays,607
standing,608
partyyou,609
wander,610
aching,611
breaking,612
says,613
changing,614
understand,615
game,616
gone,617
soon,618
disappear,619
fading,620
into,621
beautiful,622
sameit,623
comin,624
seen,625
everywhere,626
tryin,627
replace,628
went,629
praying,630
fool,631
run,632
beating,633
working,634
million,635
dollar,636
ring,637
reached,638
again,639
woo,640
hoo,641
broke,642
shy,643
gun,644
hundred,645
voices,646
wiser,647
showed,648
hooi,649
asked,650
wouldn,651
left,652
before,653
ohh,654
mend,655
broken,656
cry,657
sleep,658
happen,659
moment,660
believe,661
taste,662
noises,663
kept,664
remain,665
unspoken,666
built,667
crushed,668
shown,669
perhaps,670
worst,671
sunset,672
bills,673
mindset,674
deny,675
higher,676
income,677
bread,678
crumbs,679
survive,680
glow,681
gives,682
helps,683
journey,684
drop,685
worries,686
fine,687
eh,688
pockets,689
kickin,690
rocks,691
kinda,692
buyin,693
skeptics,694
confidence,695
seeing,696
angles,697
starts,698
tangled,699
compromise,700
purpose,701
worth,702
rainbows,703
circle,704
circling,705
comes,706
downall,707
dark,708
hoping,709
kick,710
loving,711
falling,712
apart,713
shotgun,714
aimed,715
some,716
seems,717
losing,718
maybe,719
part,720
hates,721
pick,722
play,723
easy,724
lie,725
hearti,726
devices,727
days,728
fell,729
show,730
walls,731
tumbling,732
city,733
grey,734
roll,735
hills,736
bringing,737
darkness,738
almost,739
changed,740
an,741
optimist,742
caught,743
vices,744
pose,745
dust,746
settled,747
begin,748
rubble,749
or,750
sins,751
p,752
y,753
pretty,754
ooh,755
lady,756
tendoroni,757
spark,758
nature,759
sugar,760
ease,761
lovin,762
max,763
l,764
c,765
tender,766
anywhere,767
nothin,768
burnin,769
desire,770
emergency,771
cool,772
fire,773
yearnin,774
honey,775
free,776
dim,777
spot,778
hee,779
repeat,780
na,781
stripped,782
waist,783
cover,784
hide,785
names,786
written,787
wreck,788
86,789
year,790
panic,791
found,792
war,793
d,794
thought,795
humans,796
letting,797
its,798
palette,799
colour,800
yet,801
youcamila,802
breakin,803
scratch,804
etch,805
sketch,806
lips,807
goodbye,808
dry,809
lauren,810
used,811
took,812
record,813
killed,814
survived,815
alive,816
camila,817
innocence,818
wearing,819
thin,820
movin,821
normani,822
glass,823
surrounded,824
fragile,825
dinah,826
fence,827
other,828
side,829
whole,830
electrified,831
independence,832
finding,833
enough,834
ally,835
onlook,836
shine,837
yellow,838
wrote,839
called,840
bones,841
swam,842
drew,843
line,844
bleed,845
myself,846
dogirl,847
ahead,848
reveal,849
paid,850
stole,851
didn,852
fold,853
well,854
somewhere,855
test,856
god,857
mold,858
different,859
rest,860
blessed,861
stand,862
tail,863
must,864
king,865
kingdom,866
answers,867
questions,868
teacher,869
lesson,870
preacher,871
confession,872
quick,873
relief,874
stressing,875
hate,876
fake,877
soldier,878
surrender,879
retreat,880
tho,881
mani,882
stared,883
places,884
faces,885
next,886
tremble,887
washing,888
whoo,889
woke,890
watching,891
whooooooo,892
forty,893
flying,894
whoodear,895
darlin,896
excuse,897
writing,898
understands,899
short,900
sweet,901
mean,902
dear,903
bar,904
drank,905
sofa,906
sinking,907
warm,908
concur,909
arms,910
chest,911
kind,912
boring,913
confess,914
sleeves,915
stained,916
red,917
honestly,918
swear,919
wink,920
brink,921
those,922
ears,923
sick,924
insincere,925
secrets,926
critics,927
jump,928
amazing,929
chasing,930
shiny,931
black,932
cars,933
everyday,934
news,935
problems,936
solve,937
situation,938
rises,939
album,940
straight,941
gold,942
flow,943
reason,944
shame,945
family,946
blame,947
mma,948
awayi,949
cake,950
diamonds,951
brilliant,952
bel,953
air,954
hot,955
mid,956
july,957
child,958
achin,959
lit,960
stage,961
channeling,962
angels,963
new,964
age,965
rock,966
electric,967
lord,968
bring,969
him,970
grace,971
body,972
lately,973
waking,974
paint,975
splattered,976
teardrops,977
shirt,978
corner,979
ya,980
blood,981
turns,982
alcohol,983
burn,984
seek,985
allow,986
craving,987
lover,988
loveif,989
stuck,990
middle,991
guide,992
count,993
two,994
three,995
four,996
supposed,997
wooooh,998
toss,999
asleep,1000
remind,1001
shoulder,1002
youand,1003
somehow,1004
closest,1005
sooner,1006
later,1007
tears,1008
movies,1009
amoh,1010
uh,1011
typical,1012
jones,1013
touchin,1014
daze,1015
crazed,1016
barely,1017
replayin,1018
brain,1019
sticky,1020
trouble,1021
yep,1022
pacin,1023
minutes,1024
ten,1025
sour,1026
seem,1027
brokenhearted,1028
honest,1029
finish,1030
started,1031
cheerio,1032
crime,1033
word,1034
sippin,1035
patrón,1036
nerves,1037
poppin,1038
bottles,1039
doubt,1040
view,1041
business,1042
outfit,1043
whack,1044
doesn,1045
usually,1046
opposite,1047
truthfully,1048
uhah,1049
thang,1050
ready,1051
grab,1052
wolf,1053
sheep,1054
clothing,1055
holding,1056
runaway,1057
put,1058
spell,1059
getaway,1060
darling,1061
poor,1062
knows,1063
rolling,1064
stone,1065
eager,1066
bunnys,1067
pursue,1068
eating,1069
palm,1070
carrot,1071
share,1072
chicka,1073
yup,1074
scared,1075
babyi,1076
match,1077
makin,1078
alright,1079
runs,1080
stadium,1081
fifty,1082
clapping,1083
worked,1084
killing,1085
second,1086
saves,1087
running,1088
shut,1089
maniac,1090
angel,1091
mephistopheles,1092
mama,1093
raised,1094
prayers,1095
devout,1096
fate,1097
rust,1098
outladies,1099
gentlemen,1100
treat,1101
olly,1102
ladies,1103
nice,1104
lot,1105
none,1106
wondering,1107
spend,1108
minute,1109
floor,1110
sweaty,1111
crowd,1112
loosen,1113
music,1114
morning,1115
acting,1116
damn,1117
tonighthere,1118
fast,1119
last,1120
slip,1121
daylight,1122
staring,1123
perfection,1124
glance,1125
memory,1126
because,1127
whoathis,1128
colder,1129
shakin,1130
counting,1131
years,1132
steady,1133
wheel,1134
appeal,1135
lead,1136
stare,1137
nowhere,1138
everyone,1139
become,1140
wonder,1141
fair,1142
push,1143
untie,1144
bags,1145
fail,1146
ma,1147
pulls,1148
focus,1149
simmer,1150
amount,1151
swim,1152
drown,1153
american,1154
apparel,1155
underwear,1156
lipstick,1157
stain,1158
art,1159
tattooed,1160
arrow,1161
deadbeat,1162
plane,1163
ticket,1164
diamond,1165
mix,1166
tape,1167
94,1168
ripped,1169
skinny,1170
jeans,1171
lying,1172
heybaby,1173
shootin,1174
passin,1175
neon,1176
freakin,1177
pretend,1178
outyour,1179
mouth,1180
revolver,1181
firing,1182
bullets,1183
loyal,1184
die,1185
putting,1186
fires,1187
wants,1188
flame,1189
burnt,1190
ours,1191
bonfire,1192
someone,1193
strangers,1194
passing,1195
offers,1196
looks,1197
eye,1198
hmm,1199
funny,1200
easily,1201
buy,1202
house,1203
both,1204
forgetting,1205
forgotten,1206
green,1207
blue,1208
anyway,1209
sweetest,1210
quite,1211
wonderful,1212
sculptor,1213
potions,1214
traveling,1215
gift,1216
worldevery,1217
feelin,1218
blows,1219
anyone,1220
thoughts,1221
dreams,1222
amazed,1223
smell,1224
whisper,1225
surround,1226
place,1227
everytime,1228
youso,1229
shadows,1230
great,1231
wave,1232
shall,1233
upon,1234
wherever,1235
someday,1236
darkest,1237
goi,1238
sexy,1239
guy,1240
depend,1241
shape,1242
birthday,1243
dirty,1244
norwegian,1245
wood,1246
person,1247
wish,1248
continue,1249
learning,1250
meant,1251
catches,1252
youho,1253
ho,1254
honeymoon,1255
past,1256
infatuation,1257
phase,1258
thick,1259
times,1260
argue,1261
misbehaved,1262
which,1263
movie,1264
fairytale,1265
conclusion,1266
confusing,1267
sent,1268
huh,1269
hang,1270
rise,1271
advances,1272
chances,1273
fantasy,1274
ha,1275
crash,1276
slowcloser,1277
closer,1278
shines,1279
clear,1280
ear,1281
pull,1282
escape,1283
tongue,1284
closeri,1285
amistad,1286
west,1287
smoking,1288
cigarette,1289
ask,1290
telephone,1291
rang,1292
needed,1293
insecure,1294
ends,1295
known,1296
early,1297
messages,1298
letters,1299
nerve,1300
taking,1301
distant,1302
sharing,1303
relationship,1304
isn,1305
bottom,1306
memories,1307
promises,1308
allshe,1309
dress,1310
catch,1311
stealin,1312
smokes,1313
pack,1314
thinks,1315
virginia,1316
compromises,1317
loves,1318
babies,1319
surprises,1320
wears,1321
heels,1322
exercises,1323
queen,1324
scene,1325
screams,1326
daddy,1327
wrestles,1328
alligators,1329
works,1330
carburetors,1331
brother,1332
mediator,1333
president,1334
sit,1335
rip,1336
coffee,1337
timing,1338
unusual,1339
tragic,1340
intuition,1341
magic,1342
ey,1343
thishey,1344
matt,1345
tim,1346
talked,1347
marc,1348
haven,1349
cheer,1350
suppose,1351
butter,1352
tarts,1353
grass,1354
sunday,1355
week,1356
indulging,1357
self,1358
defeat,1359
thugged,1360
laced,1361
bugged,1362
twisted,1363
beat,1364
comfortable,1365
fuzzy,1366
being,1367
impaired,1368
tribal,1369
lunar,1370
speak,1371
course,1372
missed,1373
miles,1374
fun,1375
steal,1376
sunshine,1377
making,1378
keeping,1379
versed,1380
chad,1381
wow,1382
sharon,1383
bad,1384
once,1385
frying,1386
bench,1387
slide,1388
park,1389
e,1390
r,1391
paws,1392
straws,1393
fat,1394
slurpy,1395
treats,1396
incredible,1397
eight,1398
foot,1399
heap,1400
glare,1401
pay,1402
gleaming,1403
tare,1404
heat,1405
involved,1406
usual,1407
feat,1408
among,1409
invite,1410
separate,1411
disappeared,1412
dreaming,1413
hello,1414
oho,1415
falls,1416
yeahi,1417
wished,1418
instead,1419
kneeling,1420
catching,1421
drenched,1422
wine,1423
endless,1424
ecstasy,1425
bag,1426
driving,1427
empty,1428
drum,1429
comesick,1430
suffocating,1431
direction,1432
dive,1433
saved,1434
sunlight,1435
youyeah,1436
met,1437
kids,1438
block,1439
bunch,1440
hits,1441
chinese,1442
food,1443
wear,1444
abercrombie,1445
fitch,1446
hip,1447
hop,1448
marmalade,1449
spic,1450
span,1451
began,1452
larry,1453
bird,1454
jersey,1455
33,1456
sip,1457
buzz,1458
hornet,1459
billy,1460
shakespeare,1461
sonnets,1462
willy,1463
whistle,1464
somethin,1465
drove,1466
mad,1467
stayed,1468
macaulay,1469
culkin,1470
wasn,1471
speakin,1472
michael,1473
j,1474
fox,1475
alex,1476
keaton,1477
rich,1478
cherry,1479
pez,1480
crush,1481
boogie,1482
school,1483
hookie,1484
b,1485
style,1486
smile,1487
edition,1488
candy,1489
georgia,1490
peaches,1491
drink,1492
lemonade,1493
n,1494
dad,1495
named,1496
paul,1497
revere,1498
near,1499
dip,1500
coke,1501
laugh,1502
joke,1503
summertime,1504
goin,1505
wiggle,1506
bike,1507
bugaloo,1508
shrimp,1509
pogo,1510
sticks,1511
takes,1512
hook,1513
mr,1514
lipit,1515
bug,1516
color,1517
purple,1518
macaroni,1519
cheese,1520
ruby,1521
slippers,1522
trees,1523
use,1524
kevin,1525
bacon,1526
footloose,1527
summeri,1528
naïve,1529
train,1530
knees,1531
bout,1532
absurd,1533
heroes,1534
disturbed,1535
concede,1536
men,1537
weren,1538
ride,1539
silly,1540
sheet,1541
digging,1542
kryptonite,1543
mei,1544
searching,1545
within,1546
yearning,1547
win,1548
sacred,1549
worse,1550
crown,1551
searched,1552
throne,1553
longed,1554
45,1555
spinning,1556
victrola,1557
strike,1558
swinger,1559
pepsi,1560
cola,1561
jean,1562
quarterback,1563
prom,1564
chevy,1565
john,1566
wayne,1567
superman,1568
california,1569
kris,1570
kristofferson,1571
mom,1572
singing,1573
mclean,1574
levy,1575
backseat,1576
freedom,1577
baptized,1578
marilyn,1579
monroe,1580
garden,1581
eden,1582
rebel,1583
wide,1584
open,1585
boulevard,1586
learned,1587
cougar,1588
deere,1589
3,1590
16,1591
mark,1592
twain,1593
mississippi,1594
hemingway,1595
whiskey,1596
tv,1597
dinner,1598
tray,1599
figure,1600
fortune,1601
texaco,1602
gibson,1603
guitar,1604
teenage,1605
kid,1606
jukebox,1607
quarter,1608
save,1609
rightdied,1610
streets,1611
james,1612
dean,1613
hollywood,1614
sold,1615
saints,1616
lock,1617
gates,1618
enter,1619
walked,1620
flames,1621
answer,1622
died,1623
machines,1624
disconnected,1625
thrown,1626
disaffected,1627
trust,1628
vampires,1629
elvis,1630
spread,1631
satire,1632
gunslingin,1633
voice,1634
townoh,1635
hat,1636
shoot,1637
waste,1638
boys,1639
playing,1640
games,1641
leaving,1642
crying,1643
losers,1644
liars,1645
users,1646
itvirginia,1647
woolf,1648
poetry,1649
seemed,1650
notice,1651
cheap,1652
beer,1653
cigarettes,1654
given,1655
role,1656
mother,1657
gon,1658
18,1659
cried,1660
moments,1661
ground,1662
scars,1663
played,1664
grown,1665
november,1666
realized,1667
22,1668
speaking,1669
shaved,1670
worried,1671
path,1672
26,1673
spoke,1674
areloving,1675
photograph,1676
ourselves,1677
closing,1678
frozen,1679
pocket,1680
heal,1681
easier,1682
piece,1683
pages,1684
fit,1685
necklace,1686
sixteen,1687
heartbeat,1688
kissed,1689
lamppost,1690
sixth,1691
hearing,1692
homei,1693
breakfast,1694
sanity,1695
lunch,1696
pour,1697
cup,1698
fill,1699
poison,1700
kill,1701
edge,1702
laying,1703
lightweight,1704
bittersweet,1705
least,1706
misery,1707
necessary,1708
heywell,1709
celebrate,1710
sunrise,1711
turned,1712
21,1713
runaways,1714
superstars,1715
fireworks,1716
lives,1717
yeahcome,1718
peace,1719
breeze,1720
adored,1721
laid,1722
amour,1723
toujours,1724
rivers,1725
belong,1726
crumble,1727
beneath,1728
loose,1729
shackle,1730
eternally,1731
youthere,1732
daughter,1733
monster,1734
2,1735
heads,1736
harder,1737
longermy,1738
begging,1739
mechanically,1740
vigorous,1741
angry,1742
pounce,1743
ignite,1744
licking,1745
holy,1746
tryna,1747
sneaking,1748
knock,1749
throw,1750
helpless,1751
clinging,1752
spine,1753
rush,1754
shush,1755
fori,1756
universe,1757
earth,1758
aligned,1759
sprinkle,1760
stardust,1761
pillow,1762
case,1763
moonbeam,1764
brushed,1765
la,1766
dazzled,1767
conspire,1768
neptune,1769
colors,1770
fade,1771
tonighti,1772
spite,1773
penny,1774
threw,1775
mistake,1776
final,1777
ball,1778
television,1779
position,1780
revelation,1781
temptation,1782
sipping,1783
hanging,1784
thread,1785
knocking,1786
perrie,1787
knocked,1788
price,1789
jade,1790
full,1791
crystal,1792
balling,1793
missing,1794
leigh,1795
anne,1796
potion,1797
recipe,1798
jesy,1799
others,1800
backing,1801
magici,1802
couldn,1803
pulled,1804
smoke,1805
sleepwalking,1806
wandering,1807
tight,1808
housewell,1809
grew,1810
plastic,1811
sh,1812
rolled,1813
rc,1814
neighbor,1815
pool,1816
models,1817
band,1818
waffle,1819
waitress,1820
rude,1821
tip,1822
livin,1823
dirt,1824
fairy,1825
tale,1826
lifeyou,1827
courage,1828
sword,1829
shield,1830
steel,1831
weighing,1832
chained,1833
undress,1834
bleeding,1835
bells,1836
matches,1837
rising,1838
silence,1839
beatingi,1840
admit,1841
slowing,1842
givin,1843
bottle,1844
perfume,1845
blond,1846
thinkin,1847
sheets,1848
whisperin,1849
pullin,1850
slowin,1851
downyou,1852
evening,1853
preset,1854
feelings,1855
comfort,1856
climbing,1857
halls,1858
strangest,1859
misconceiving,1860
unless,1861
noise,1862
mindwe,1863
undercover,1864
sight,1865
anybody,1866
power,1867
spin,1868
bei,1869
liar,1870
fought,1871
failure,1872
failed,1873
promise,1874
forgive,1875
temporarily,1876
fault,1877
careful,1878
ee,1879
babe,1880
sore,1881
cut,1882
deeper,1883
knife,1884
quit,1885
onto,1886
kisses,1887
needing,1888
stitches,1889
moth,1890
drawn,1891
lured,1892
bitter,1893
reap,1894
sow,1895
needle,1896
stitchesso,1897
reasons,1898
wrapped,1899
finger,1900
chase,1901
couch,1902
trapped,1903
reappear,1904
suffer,1905
thingi,1906
hunger,1907
shiver,1908
rhythm,1909
biding,1910
redefined,1911
following,1912
behind,1913
folding,1914
raise,1915
arrange,1916
findi,1917
realign,1918
compromised,1919
dreamed,1920
admission,1921
everythingknow,1922
mercury,1923
baseline,1924
bumping,1925
pumping,1926
overloading,1927
heh,1928
hehdon,1929
ran,1930
electing,1931
strange,1932
perfections,1933
stranger,1934
distractions,1935
escapes,1936
scraping,1937
caress,1938
thrill,1939
cringe,1940
already,1941
pure,1942
aretha,1943
newwell,1944
cursing,1945
uk,1946
ex,1947
haunt,1948
ghosts,1949
orleans,1950
winter,1951
goes,1952
mountains,1953
sailing,1954
seas,1955
stell,1956
completely,1957
disagreements,1958
fighting,1959
nervous,1960
pouring,1961
prepared,1962
joining,1963
pieces,1964
reachable,1965
believed,1966
x4,1967
walkin,1968
passed,1969
funeral,1970
cryin,1971
cursin,1972
gods,1973
explain,1974
lookin,1975
doin,1976
speedin,1977
runnin,1978
forgot,1979
nah,1980
justice,1981
enoughit,1982
screaming,1983
convertible,1984
impossible,1985
seat,1986
luck,1987
throwing,1988
clothes,1989
happens,1990
plans,1991
created,1992
collided,1993
alternative,1994
outyou,1995
fussing,1996
arguin,1997
pilot,1998
rules,1999
kissing,2000
describe,2001
yin,2002
yang,2003
stair,2004
wing,2005
boom,2006
dynamite,2007
hardi,2008
inspire,2009
firestones,2010
sparks,2011
firestone,2012
x,2013
testify,2014
firestoneis,2015
si,2016
el,2017
amor,2018
es,2019
loco,2020
yo,2021
creo,2022
que,2023
volvi,2024
de,2025
como,2026
poco,2027
fuimos,2028
perdiendo,2029
esta,2030
aventura,2031
se,2032
convertido,2033
en,2034
una,2035
locura,2036
busco,2037
noche,2038
sexo,2039
solo,2040
quiero,2041
hacerte,2042
puedo,2043
hablar,2044
contexto,2045
porque,2046
hace,2047
falta,2048
tu,2049
voz,2050
gocho,2051
somethings,2052
slept,2053
blowing,2054
sabes,2055
quisiera,2056
tenerte,2057
explicaci,2058
tendr,2059
estuviera,2060
situaci,2061
pasando,2062
noches,2063
vela,2064
sentado,2065
mi,2066
habitaci,2067
buscando,2068
alguna,2069
manera,2070
entrar,2071
coraz,2072
vivir,2073
tus,2074
besos,2075
pasar,2076
des,2077
calor,2078
locos,2079
nosotros,2080
estamos,2081
verdad,2082
bend,2083
waterfall,2084
crashed,2085
locked,2086
sleepless,2087
runi,2088
bother,2089
hi,2090
intimidating,2091
pounding,2092
friday,2093
random,2094
coulda,2095
cross,2096
covers,2097
timedid,2098
invitations,2099
cursive,2100
letter,2101
cruel,2102
whatever,2103
means,2104
candles,2105
pity,2106
casted,2107
decorations,2108
pastel,2109
ribbons,2110
laughing,2111
crowded,2112
ok,2113
round,2114
space,2115
tide,2116
anymore,2117
denying,2118
melting,2119
pot,2120
release,2121
handin,2122
nowas,2123
counted,2124
rather,2125
flip,2126
flops,2127
haggard,2128
jagger,2129
20,2130
corn,2131
hole,2132
lucky,2133
keg,2134
floating,2135
favorite,2136
shades,2137
stoned,2138
less,2139
lace,2140
jack,2141
gettin,2142
bacardi,2143
stir,2144
marley,2145
harley,2146
kitchen,2147
sink,2148
stick,2149
pink,2150
umbrella,2151
onone,2152
children,2153
sayin,2154
thanks,2155
praise,2156
pass,2157
remarks,2158
question,2159
hopeless,2160
sinner,2161
mankind,2162
beginning,2163
armageddon,2164
doom,2165
whose,2166
thinner,2167
creation,2168
pleading,2169
white,2170
winged,2171
dove,2172
sings,2173
singin,2174
strand,2175
web,2176
mattered,2177
hearted,2178
seventeen,2179
hauntingly,2180
familiar,2181
poet,2182
choir,2183
melody,2184
expect,2185
rains,2186
changes,2187
colours,2188
graceful,2189
forth,2190
suddenly,2191
hall,2192
flood,2193
searchin,2194
stairs,2195
nightbird,2196
nightfall,2197
sometime,2198
unable,2199
whoobaby,2200
wasted,2201
downtown,2202
babylet,2203
fleeting,2204
waitin,2205
regretting,2206
hangin,2207
blind,2208
zone,2209
uncontrolled,2210
laughter,2211
faster,2212
da,2213
dee,2214
shatter,2215
unbreakable,2216
fame,2217
disease,2218
blues,2219
depends,2220
difference,2221
certain,2222
definitions,2223
twist,2224
naive,2225
deceived,2226
mask,2227
happiness,2228
fam,2229
bubble,2230
church,2231
stories,2232
tori,2233
sell,2234
records,2235
yawn,2236
pawn,2237
chessboard,2238
cookie,2239
cutter,2240
fact,2241
st,2242
stutter,2243
songs,2244
shows,2245
smilecathy,2246
dennis,2247
u,2248
billion,2249
dollars,2250
julia,2251
karlsson,2252
cathy,2253
ii,2254
success,2255
create,2256
unfair,2257
crawl,2258
chose,2259
machine,2260
nine,2261
armsone,2262
uhmmm,2263
celebration,2264
freeyo,2265
sorta,2266
smiles,2267
innocent,2268
fooled,2269
reminded,2270
whenever,2271
creep,2272
sexing,2273
relate,2274
ignorance,2275
youla,2276
beg,2277
command,2278
thief,2279
keepin,2280
leavin,2281
prisoner,2282
worldoh,2283
yea,2284
dancehall,2285
madzart,2286
alongside,2287
longest,2288
jamming,2289
wining,2290
pushing,2291
tea,2292
ai,2293
jam,2294
feed,2295
popcorn,2296
sprite,2297
whar,2298
kite,2299
bumper,2300
cock,2301
python,2302
hollerin,2303
mercy,2304
hug,2305
squeeze,2306
madd,2307
eah,2308
nahnananana,2309
yeahsittin,2310
class,2311
driftin,2312
starin,2313
windows,2314
books,2315
clock,2316
scream,2317
bathe,2318
toes,2319
boss,2320
lame,2321
mini,2322
charge,2323
taught,2324
dig,2325
showin,2326
twinkley,2327
shanice,2328
fessin,2329
state,2330
depression,2331
thunder,2332
dothe,2333
very,2334
brown,2335
physical,2336
attraction,2337
satisfaction,2338
serves,2339
cherish,2340
youooh,2341
bop,2342
ow,2343
wasting,2344
respect,2345
sir,2346
needy,2347
greedy,2348
lacking,2349
breakdown,2350
suggest,2351
hooked,2352
knowin,2353
sad,2354
bye,2355
exactly,2356
point,2357
yousee,2358
property,2359
bluff,2360
fuck,2361
cell,2362
violate,2363
shrunk,2364
size,2365
messed,2366
belongs,2367
leavethe,2368
southern,2369
levis,2370
supergirl,2371
lyin,2372
talkin,2373
jaded,2374
complicated,2375
private,2376
naturally,2377
fades,2378
knowing,2379
youall,2380
package,2381
edit,2382
4,2383
1,2384
uneasy,2385
approach,2386
grabs,2387
attitude,2388
join,2389
list,2390
fools,2391
mood,2392
intimidations,2393
outta,2394
clever,2395
cute,2396
sly,2397
clarified,2398
heyey,2399
speed,2400
eternity,2401
double,2402
pleasure,2403
level,2404
aha,2405
intertwine,2406
rebels,2407
drivin,2408
yeaheah,2409
sendin,2410
undone,2411
gazing,2412
matters,2413
ohohoho,2414
ohoho,2415
yeaheaheah,2416
wrigley,2417
doublemint,2418
gum,2419
commercial,2420
refreshen,2421
mint,2422
shannon,2423
aid,2424
kit,2425
handy,2426
patch,2427
wound,2428
patient,2429
understanding,2430
group,2431
remedy,2432
woods,2433
aundrea,2434
damaged,2435
fix,2436
dawn,2437
audrey,2438
gain,2439
actions,2440
louder,2441
puzzle,2442
h,2443
g,2444
challenge,2445
diddy,2446
type,2447
experience,2448
joy,2449
danity,2450
kane,2451
booth,2452
twirling,2453
stack,2454
attention,2455
rocking,2456
dressed,2457
worn,2458
untied,2459
shoestrings,2460
gypsy,2461
youyou,2462
waves,2463
coast,2464
glasses,2465
straw,2466
string,2467
buzzing,2468
vacancy,2469
sign,2470
lean,2471
sangria,2472
wrecking,2473
hallway,2474
shoes,2475
spanish,2476
aroundi,2477
raining,2478
streetlight,2479
gasoline,2480
grabbed,2481
fingertips,2482
breathin,2483
steamin,2484
id,2485
noon,2486
bedroom,2487
pictures,2488
homethey,2489
sidewalks,2490
rolls,2491
layin,2492
vain,2493
wired,2494
killin,2495
buzzin,2496
cali,2497
rally,2498
lane,2499
dropping,2500
catchin,2501
turnin,2502
wishin,2503
flashin,2504
cares,2505
soundtrack,2506
stereo,2507
dj,2508
trip,2509
onlet,2510
picked,2511
stains,2512
buh,2513
happened,2514
spare,2515
gimme,2516
backone,2517
wheels,2518
turning,2519
kin,2520
southland,2521
alabama,2522
neil,2523
anyhow,2524
skies,2525
birmingham,2526
governor,2527
boo,2528
watergate,2529
conscience,2530
muscle,2531
shoals,2532
swampers,2533
lordy,2534
montgomery,2535
answerhey,2536
skipping,2537
jumping,2538
misty,2539
fog,2540
thumping,2541
tuesday,2542
transistor,2543
hind,2544
rainbow,2545
slipping,2546
sliding,2547
sha,2548
tee,2549
cast,2550
overcome,2551
dayou,2552
busy,2553
cha,2554
relax,2555
preview,2556
remix,2557
ta,2558
lexus,2559
coup,2560
grill,2561
getcha,2562
hotel,2563
football,2564
coach,2565
playin,2566
field,2567
toot,2568
beep,2569
fro,2570
bouncin,2571
24,2572
ignition,2573
fresh,2574
rollin,2575
rum,2576
weekend,2577
bounce,2578
mon,2579
murder,2580
privacy,2581
screamin,2582
hopin,2583
key,2584
cristal,2585
stretch,2586
navigator,2587
catered,2588
fellas,2589
jukin,2590
lobby,2591
jeep,2592
foggin,2593
blastin,2594
truck,2595
stroke,2596
buggin,2597
outyeah,2598
manicure,2599
nails,2600
pedicure,2601
effortlessly,2602
independent,2603
herself,2604
proud,2605
crib,2606
tellin,2607
yeay,2608
mmhm,2609
lil,2610
stunner,2611
winner,2612
glad,2613
cutie,2614
stops,2615
sweetheart,2616
jordan,2617
saturday,2618
cannot,2619
shawty,2620
heyeyey,2621
ooohooohooo,2622
yeaheaheahboys,2623
ones,2624
undressed,2625
date,2626
appreciate,2627
guessing,2628
company,2629
supply,2630
demands,2631
suit,2632
tie,2633
listened,2634
towhen,2635
teen,2636
astray,2637
dealer,2638
yesterday,2639
rumour,2640
jesus,2641
stuff,2642
cards,2643
dealt,2644
overweight,2645
entirely,2646
apparently,2647
dole,2648
spends,2649
forbidden,2650
fitting,2651
hidden,2652
riddance,2653
sister,2654
wishes,2655
dealtoh,2656
conquered,2657
brings,2658
stood,2659
blew,2660
regrets,2661
hopes,2662
rarely,2663
musicyou,2664
unsure,2665
regret,2666
expected,2667
exits,2668
cheyenne,2669
table,2670
shared,2671
cheyennei,2672
appeared,2673
blinded,2674
envisioned,2675
frame,2676
omen,2677
lining,2678
downing,2679
ruin,2680
torn,2681
vacant,2682
relocating,2683
woah,2684
omenwhen,2685
escaping,2686
debris,2687
eventually,2688
wreckage,2689
message,2690
whether,2691
ine,2692
facing,2693
tough,2694
teeth,2695
minei,2696
rule,2697
cloud,2698
decision,2699
materialize,2700
chased,2701
illusion,2702
watched,2703
revolution,2704
ohsweat,2705
dripping,2706
moves,2707
teach,2708
henny,2709
sync,2710
lo,2711
o,2712
ove,2713
pre,2714
lovei,2715
six,2716
dime,2717
fingers,2718
bled,2719
69,2720
jimmy,2721
jody,2722
married,2723
choice,2724
complainin,2725
job,2726
evenin,2727
standin,2728
porch,2729
restless,2730
unwind,2731
yay,2732
changin,2733
hu,2734
heytwenty,2735
hill,2736
destination,2737
quickly,2738
brotherhood,2739
peculiar,2740
lungs,2741
institution,2742
twenty,2743
mmmwhere,2744
became,2745
touching,2746
reaching,2747
caroline,2748
inclined,2749
hurtin,2750
shoulders,2751
goodi,2752
faithful,2753
forward,2754
wanting,2755
yeahhey,2756
woogie,2757
acid,2758
bourgeoisie,2759
riding,2760
touches,2761
rocknow,2762
outbaby,2763
enjoy,2764
smelled,2765
deserves,2766
thangs,2767
fist,2768
handful,2769
rings,2770
protection,2771
selection,2772
beauty,2773
description,2774
plus,2775
ninety,2776
babycathy,2777
tripped,2778
stumbled,2779
eat,2780
lamb,2781
lions,2782
tigers,2783
titans,2784
purr,2785
quicksand,2786
bury,2787
wings,2788
chains,2789
happy,2790
earned,2791
shed,2792
firethere,2793
51,2794
percent,2795
googled,2796
shit,2797
grains,2798
beach,2799
faith,2800
bang,2801
stacking,2802
deck,2803
heartache,2804
woulda,2805
shoulda,2806
luckyi,2807
everythingi,2808
neath,2809
mexican,2810
margaritas,2811
mariachi,2812
send,2813
thank,2814
small,2815
sting,2816
yeahfirst,2817
tulips,2818
scandalous,2819
flower,2820
blooms,2821
dangers,2822
velvet,2823
appetite,2824
hungry,2825
diet,2826
bite,2827
delicious,2828
ridiculous,2829
apology,2830
tulipsi,2831
boat,2832
shell,2833
downkick,2834
farming,2835
tractors,2836
plows,2837
flashing,2838
lap,2839
z71,2840
cadillac,2841
cornfield,2842
pedal,2843
floorboard,2844
backroad,2845
pile,2846
boots,2847
10,2848
packed,2849
jar,2850
diesel,2851
32,2852
bridge,2853
upi,2854
pageant,2855
host,2856
harvey,2857
keitel,2858
third,2859
ward,2860
aspiration,2861
beyoncé,2862
hoh,2863
brush,2864
nation,2865
surgery,2866
blonder,2867
flat,2868
south,2869
vogue,2870
doctor,2871
frees,2872
denial,2873
facade,2874
leaves,2875
shattered,2876
mirrors,2877
shards,2878
reflection,2879
stares,2880
masquerade,2881
perfectly,2882
flicker,2883
soap,2884
remembered,2885
faucet,2886
filling,2887
soaking,2888
pruning,2889
gentle,2890
overflowed,2891
spill,2892
throat,2893
bath,2894
bubbles,2895
towels,2896
toaster,2897
bathtub,2898
soapi,2899
omenhow,2900
resistance,2901
barriers,2902
refused,2903
useless,2904
butterflies,2905
flutter,2906
worthless,2907
torture,2908
gladiator,2909
sweetness,2910
scare,2911
fearless,2912
battle,2913
youknow,2914
devils,2915
shook,2916
risin,2917
filled,2918
strength,2919
unforgivable,2920
destroy,2921
everythin,2922
backi,2923
future,2924
rewind,2925
partners,2926
tearing,2927
seams,2928
patience,2929
advice,2930
landed,2931
rollercoaster,2932
florida,2933
atlanta,2934
bus,2935
amen,2936
goyou,2937
soiree,2938
neighbors,2939
cops,2940
homebody,2941
lamp,2942
furniture,2943
rattling,2944
roof,2945
packing,2946
hero,2947
winning,2948
limit,2949
paper,2950
wounds,2951
cracks,2952
simplicity,2953
belonged,2954
trips,2955
marching,2956
frail,2957
hells,2958
nowhat,2959
nod,2960
indecisive,2961
complaining,2962
overprotective,2963
preaching,2964
blades,2965
prime,2966
wither,2967
photographs,2968
yesteryears,2969
recall,2970
teddy,2971
bears,2972
wrap,2973
blankets,2974
fears,2975
lied,2976
grounded,2977
sounded,2978
truer,2979
buried,2980
growin,2981
racing,2982
pace,2983
prepare,2984
goings,2985
rough,2986
seventeenswitch,2987
switch,2988
problem,2989
curl,2990
dick,2991
chair,2992
pushed,2993
bleach,2994
peroxide,2995
brand,2996
chick,2997
drama,2998
erase,2999
hairi,3000
weeks,3001
amber,3002
carved,3003
morewe,3004
opening,3005
mecome,3006
abc,3007
123,3008
ray,3009
beheaven,3010
charmes,3011
youit,3012
blurry,3013
intended,3014
poured,3015
liked,3016
tattoos,3017
dangerous,3018
fear,3019
somebodycome,3020
betake,3021
blown,3022
spending,3023
levels,3024
elevator,3025
discover,3026
lift,3027
rooftop,3028
aw,3029
ceiling,3030
drug,3031
dealing,3032
law,3033
bottling,3034
supernatural,3035
fiving,3036
chills,3037
satisfy,3038
tempo,3039
replay,3040
anytime,3041
tongues,3042
grinding,3043
rope,3044
upstairs,3045
sending,3046
hallelujah,3047
bass,3048
coal,3049
handle,3050
dancin,3051
busted,3052
taken,3053
women,3054
worldi,3055
sympathy,3056
miracle,3057
misunderstood,3058
book,3059
waters,3060
aside,3061
noi,3062
born,3063
thunderstorm,3064
overnight,3065
wore,3066
envy,3067
hated,3068
breathing,3069
solace,3070
possibly,3071
noticed,3072
alivei,3073
ü,3074
joys,3075
moping,3076
paying,3077
mostdo,3078
slippin,3079
howlin,3080
stings,3081
rid,3082
surprised,3083
youdown,3084
someway,3085
motion,3086
reverse,3087
steps,3088
infinity,3089
infinityooh,3090
race,3091
cityscapes,3092
chemicals,3093
energy,3094
truly,3095
common,3096
history,3097
camera,3098
rhythmyou,3099
wire,3100
wade,3101
arrows,3102
darkit,3103
recognize,3104
apron,3105
patrons,3106
center,3107
imperfect,3108
tries,3109
messy,3110
mixed,3111
baked,3112
pie,3113
slips,3114
carves,3115
rewrite,3116
ending,3117
reckless,3118
learns,3119
toughen,3120
bruised,3121
minealone,3122
devotion,3123
ocean,3124
bended,3125
knee,3126
condense,3127
rhyme,3128
stolen,3129
nightmares,3130
insanity,3131
language,3132
holiday,3133
vocabulary,3134
menot,3135
pleased,3136
diggin,3137
sources,3138
leading,3139
expert,3140
criticism,3141
jealousy,3142
personal,3143
radical,3144
becomes,3145
divine,3146
divide,3147
bless,3148
f,3149
truthbaby,3150
sweat,3151
demonstrate,3152
pro,3153
overtime,3154
sweatmuch,3155
blamed,3156
example,3157
remotely,3158
numbness,3159
brought,3160
beats,3161
babyit,3162
africa,3163
willing,3164
dump,3165
eachother,3166
forfinally,3167
creepin,3168
confiding,3169
nor,3170
rose,3171
contained,3172
content,3173
ahyou,3174
coma,3175
revelations,3176
heartaches,3177
safe,3178
badly,3179
iti,3180
painted,3181
newborn,3182
facts,3183
foresee,3184
happening,3185
setting,3186
blotted,3187
blacki,3188
dough,3189
check,3190
checking,3191
hustling,3192
posted,3193
counter,3194
grind,3195
barber,3196
youcan,3197
metaphorical,3198
gin,3199
juice,3200
doubts,3201
outbursts,3202
myselfi,3203
rapper,3204
singer,3205
habit,3206
spitting,3207
quicker,3208
lyrics,3209
ripping,3210
writtens,3211
bitten,3212
plagiarism,3213
signs,3214
label,3215
perk,3216
studio,3217
system,3218
driven,3219
saga,3220
lager,3221
stepfather,3222
avoiding,3223
cocaine,3224
carter,3225
paperweight,3226
moved,3227
macy,3228
gray,3229
choked,3230
subway,3231
station,3232
adding,3233
population,3234
imagination,3235
reputation,3236
wax,3237
mmmm,3238
rap,3239
hitting,3240
loop,3241
vocal,3242
burst,3243
opal,3244
fruit,3245
aim,3246
beckham,3247
arm,3248
whispering,3249
claiming,3250
handled,3251
enemy,3252
except,3253
nme,3254
selling,3255
twice,3256
copies,3257
magazines,3258
spectacles,3259
festival,3260
fees,3261
healthier,3262
dalmatian,3263
pedigree,3264
masses,3265
rubber,3266
dinghy,3267
rapids,3268
rapping,3269
passioning,3270
battling,3271
planet,3272
shirtless,3273
accept,3274
giving,3275
brave,3276
timothy,3277
dalton,3278
considering,3279
rhyming,3280
recordings,3281
tradition,3282
absence,3283
drinking,3284
absinthe,3285
vividly,3286
liver,3287
closed,3288
globally,3289
vocally,3290
totally,3291
achieving,3292
schemes,3293
stylist,3294
madison,3295
square,3296
likely,3297
pint,3298
mcdaid,3299
discussing,3300
betray,3301
remembering,3302
background,3303
sat,3304
rhymes,3305
deliver,3306
hype,3307
90,3308
per,3309
cent,3310
goals,3311
loads,3312
razor,3313
blade,3314
couple,3315
ago,3316
buskin,3317
outdoors,3318
sweating,3319
tour,3320
sake,3321
talent,3322
ethic,3323
piss,3324
babysit,3325
utmost,3326
tread,3327
follower,3328
tomorrowi,3329
net,3330
ledge,3331
temporary,3332
crutch,3333
yousilence,3334
revisit,3335
circles,3336
videos,3337
nowyou,3338
honesty,3339
apologies,3340
referee,3341
forgiveness,3342
redeem,3343
stove,3344
alphabet,3345
soup,3346
standup,3347
comedian,3348
hbo,3349
racial,3350
jokes,3351
crickets,3352
hack,3353
sitcom,3354
dysfunctional,3355
calmly,3356
bask,3357
screen,3358
laughed,3359
screamed,3360
vcr,3361
channel,3362
surfing,3363
aye,3364
oohgot,3365
blossom,3366
countryside,3367
foundhey,3368
bait,3369
bae,3370
fu,3371
curious,3372
react,3373
holdin,3374
ba,3375
exists,3376
minds,3377
liberty,3378
shamelessness,3379
split,3380
lifetime,3381
spaces,3382
social,3383
graces,3384
bow,3385
pious,3386
pioneers,3387
bias,3388
sellin,3389
buyers,3390
gather,3391
rouse,3392
aloud,3393
chairs,3394
mistakin,3395
808s,3396
policies,3397
balance,3398
eggshells,3399
aren,3400
cooler,3401
carve,3402
passions,3403
subconscious,3404
beliefs,3405
parts,3406
basement,3407
substitute,3408
tastes,3409
bodies,3410
pavement,3411
knowi,3412
sang,3413
cheers,3414
burns,3415
study,3416
non,3417
pressures,3418
lightening,3419
human,3420
confused,3421
blurred,3422
lines,3423
guard,3424
defend,3425
boats,3426
huggin,3427
advanced,3428
sparkle,3429
mile,3430
grease,3431
stopped,3432
chasin,3433
racin,3434
frigh,3435
downstairs,3436
sweatshirt,3437
humming,3438
candlelight,3439
easymax,3440
seize,3441
grave,3442
tombstone,3443
tom,3444
legend,3445
nathan,3446
jay,3447
famous,3448
centuries,3449
siva,3450
nightyou,3451
buying,3452
chewed,3453
difficult,3454
di,3455
joking,3456
girlfriend,3457
flew,3458
landing,3459
stands,3460
30,3461
dropped,3462
unlocked,3463
disagree,3464
lovefor,3465
rained,3466
parade,3467
clubs,3468
using,3469
goodness,3470
likes,3471
opinion,3472
vulnerable,3473
yourselfmark,3474
rekindle,3475
wordscan,3476
paradise,3477
picture,3478
press,3479
serious,3480
complications,3481
elevation,3482
obligations,3483
companyended,3484
crossroad,3485
treadmill,3486
hazard,3487
tank,3488
gas,3489
read,3490
map,3491
midst,3492
meaning,3493
ski,3494
slope,3495
avalanche,3496
salvage,3497
blizzard,3498
april,3499
skating,3500
ice,3501
holler,3502
blast,3503
affection,3504
perception,3505
crucify,3506
judge,3507
againfeeling,3508
remnants,3509
instance,3510
blink,3511
notion,3512
wishing,3513
prayed,3514
percussions,3515
serenity,3516
dwindling,3517
yousome,3518
dare,3519
march,3520
miserable,3521
attached,3522
tricked,3523
caution,3524
often,3525
promised,3526
tore,3527
opened,3528
doors,3529
altering,3530
melt,3531
iron,3532
yoursto,3533
knight,3534
armor,3535
causing,3536
rooms,3537
rendezvous,3538
pronounce,3539
cameras,3540
nowdown,3541
infinityshe,3542
broad,3543
afterwards,3544
freak,3545
mefrom,3546
storm,3547
reflect,3548
puddles,3549
miracles,3550
cash,3551
thrills,3552
tiny,3553
liquor,3554
balenciaga,3555
vile,3556
empire,3557
rockafellers,3558
survival,3559
richest,3560
monaco,3561
hampton,3562
outsiders,3563
americana,3564
legal,3565
marijuana,3566
biggie,3567
nirvana,3568
team,3569
vowed,3570
husband,3571
alter,3572
bubblegum,3573
americananever,3574
suitcase,3575
aids,3576
pulling,3577
driveway,3578
boundaries,3579
tonce,3580
seven,3581
momma,3582
eleven,3583
herb,3584
glory,3585
bore,3586
smallest,3587
major,3588
favor,3589
traveled,3590
seeking,3591
60,3592
61,3593
visit,3594
month,3595
oldthe,3596
nasty,3597
weapons,3598
kindness,3599
dies,3600
anger,3601
igniting,3602
nowwhen,3603
answered,3604
planned,3605
loveit,3606
healing,3607
bone,3608
bloodstain,3609
sleeve,3610
cannonball,3611
further,3612
pours,3613
ohdamn,3614
riddle,3615
unlock,3616
codes,3617
mystery,3618
risk,3619
surprise,3620
analyze,3621
codesi,3622
bust,3623
tricks,3624
cuffs,3625
groove,3626
lush,3627
blush,3628
lateyou,3629
merry,3630
fighter,3631
unafraid,3632
ache,3633
thousands,3634
quiet,3635
worldwide,3636
gyal,3637
caramel,3638
tone,3639
hips,3640
buss,3641
whine,3642
yuh,3643
fling,3644
exact,3645
irie,3646
nuh,3647
slim,3648
backside,3649
sexiest,3650
downbaby,3651
marvin,3652
gaye,3653
september,3654
pourin,3655
northern,3656
eiffel,3657
tower,3658
saint,3659
goddess,3660
cutest,3661
hottest,3662
masterpiece,3663
wildest,3664
fireplace,3665
build,3666
mansion,3667
sports,3668
manwalking,3669
disguise,3670
goddamn,3671
also,3672
awaycome,3673
plies,3674
intro,3675
homie,3676
hypnotized,3677
chorus,3678
akon,3679
booty,3680
tities,3681
bouncing,3682
verse,3683
yait,3684
horny,3685
moaning,3686
pussy,3687
zoned,3688
jonning,3689
apanan,3690
monkey,3691
wet,3692
ass,3693
nigga,3694
stobing,3695
pocking,3696
stroking,3697
cheeks,3698
x2,3699
swoll,3700
tryn,3701
naked,3702
cloths,3703
froze,3704
goon,3705
aware,3706
burned,3707
swimming,3708
lack,3709
youwhere,3710
sensible,3711
drugs,3712
hurry,3713
suffering,3714
grocery,3715
store,3716
miseryi,3717
climb,3718
meyou,3719
tied,3720
goodshort,3721
proof,3722
blessing,3723
flavor,3724
lingers,3725
dine,3726
barbie,3727
toy,3728
expensive,3729
gal,3730
9,3731
5,3732
picket,3733
trophy,3734
wives,3735
snow,3736
7,3737
chores,3738
captivity,3739
vanilla,3740
hbic,3741
prettythey,3742
lectures,3743
suggestions,3744
predictions,3745
decisions,3746
isi,3747
wavey,3748
phenomenally,3749
magical,3750
rushing,3751
onthis,3752
everlasting,3753
forgiven,3754
trembling,3755
gentleman,3756
cannobody,3757
weak,3758
hardly,3759
reply,3760
goif,3761
crossing,3762
paths,3763
dreamland,3764
sex,3765
underneath,3766
toaye,3767
stomach,3768
struggle,3769
climbin,3770
mountain,3771
humbles,3772
troubles,3773
chosen,3774
timei,3775
locks,3776
insomniac,3777
exit,3778
grammy,3779
award,3780
25,3781
spotlight,3782
biggest,3783
knockin,3784
flies,3785
reruns,3786
greatest,3787
loudi,3788
fantasize,3789
enemies,3790
bullet,3791
metaphorically,3792
literally,3793
ignore,3794
forming,3795
mea,3796
son,3797
helping,3798
hisself,3799
gutter,3800
waterfalls,3801
lakes,3802
precious,3803
natural,3804
obsession,3805
glimpse,3806
mirror,3807
health,3808
resting,3809
storms,3810
trace,3811
seldom,3812
sunny,3813
undo,3814
anew,3815
unconditional,3816
cries,3817
bleedin,3818
folk,3819
cope,3820
wit,3821
endurin,3822
tootin,3823
caine,3824
vein,3825
claim,3826
fallin,3827
prey,3828
victim,3829
aspirations,3830
fastwith,3831
makeup,3832
eyelash,3833
richer,3834
statue,3835
mornin,3836
exes,3837
swing,3838
strutting,3839
curtains,3840
whiling,3841
pole,3842
twerk,3843
crowds,3844
spectacular,3845
encore,3846
immaculate,3847
strut,3848
poles,3849
sixty,3850
speaks,3851
entertaining,3852
tasting,3853
apple,3854
closet,3855
starving,3856
behaviour,3857
pacing,3858
lifetimes,3859
concentrate,3860
plate,3861
whispers,3862
consumes,3863
onally,3864
unsatisfied,3865
tempted,3866
kings,3867
finest,3868
unhappy,3869
midas,3870
benz,3871
betterdon,3872
billionaire,3873
passion,3874
dedication,3875
occasion,3876
condone,3877
component,3878
opponent,3879
pop,3880
aight,3881
recognition,3882
disappoint,3883
disappoints,3884
recognitionwoman,3885
mascara,3886
madonna,3887
rub,3888
redder,3889
mhm,3890
uplauren,3891
tossed,3892
guilty,3893
showing,3894
text,3895
mary,3896
ad,3897
libs,3898
lovecome,3899
starting,3900
mhmmm,3901
communicate,3902
player,3903
prayer,3904
battlefield,3905
neither,3906
flag,3907
forwhoa,3908
sittin,3909
wonderin,3910
yellin,3911
listening,3912
upset,3913
constantly,3914
accusing,3915
askin,3916
workin,3917
backin,3918
fuss,3919
careless,3920
shout,3921
rooftops,3922
skyline,3923
hoped,3924
betrayal,3925
building,3926
embarrassing,3927
dideverybody,3928
calgon,3929
appreciates,3930
paging,3931
cheat,3932
freaks,3933
compulsively,3934
louis,3935
vuitton,3936
gang,3937
deeds,3938
recording,3939
bouncehey,3940
flyin,3941
g5,3942
baddest,3943
stress,3944
thatstrumming,3945
softly,3946
strumming,3947
flushed,3948
fever,3949
embarrassed,3950
meeting,3951
dog,3952
ben,3953
soulmates,3954
duuuduuu,3955
duuudu,3956
6x,3957
wedding,3958
ifi,3959
yeaheaheahthis,3960
misused,3961
withstand,3962
goto,3963
jag,3964
remove,3965
cab,3966
yard,3967
irreplaceable,3968
oops,3969
untrue,3970
keys,3971
taxi,3972
replacing,3973
finished,3974
irreplaceablei,3975
yeahwhat,3976
dodged,3977
sucks,3978
shuts,3979
decided,3980
distance,3981
ohwha,3982
wha,3983
whatcha,3984
jason,3985
derülo,3986
lust,3987
treated,3988
caved,3989
large,3990
cheatin,3991
watcha,3992
strands,3993
emeralds,3994
thrust,3995
towards,3996
revealing,3997
depth,3998
trappings,3999
captivated,4000
gallows,4001
suicide,4002
fan,4003
tin,4004
tuned,4005
lifeif,4006
caring,4007
surely,4008
wailing,4009
againbaby,4010
glows,4011
youwant,4012
hust,4013
addiction,4014
strung,4015
concern,4016
drugthe,4017
lifewe,4018
lovers,4019
inspiration,4020
slowly,4021
inspirations,4022
luvin,4023
loveoh,4024
mc,4025
simply,4026
beyond,4027
dependency,4028
washes,4029
adore,4030
elusive,4031
blatant,4032
abruptly,4033
harlem,4034
mariah,4035
smooth,4036
doop,4037
dum,4038
indefinitely,4039
linger,4040
determined,4041
inevitably,4042
shadow,4043
page,4044
swearooh,4045
puts,4046
dramatic,4047
mefeels,4048
timeless,4049
mists,4050
pale,4051
heavenly,4052
scent,4053
discovering,4054
windless,4055
afternoon,4056
stillness,4057
soft,4058
spoken,4059
unbelievable,4060
exotic,4061
togetheri,4062
demanding,4063
wondered,4064
signhead,4065
toe,4066
possible,4067
credit,4068
bank,4069
supreme,4070
14,4071
karat,4072
jewel,4073
nile,4074
toeall,4075
hahahaha,4076
guns,4077
spirits,4078
dreamer,4079
rattles,4080
ohi,4081
youjosie,4082
rainy,4083
coat,4084
offered,4085
accepted,4086
note,4087
seed,4088
planted,4089
tree,4090
knewi,4091
heyher,4092
harlow,4093
bette,4094
davis,4095
york,4096
tease,4097
unease,4098
precocious,4099
greta,4100
garbo,4101
standoff,4102
sighs,4103
whets,4104
tumble,4105
dice,4106
expose,4107
snows,4108
throws,4109
ferocious,4110
spy,4111
eyesi,4112
faced,4113
opens,4114
warmth,4115
blinding,4116
cobblestone,4117
uncover,4118
dessert,4119
sands,4120
morei,4121
superficial,4122
stereotypical,4123
appreciation,4124
nose,4125
gorgeous,4126
eyesif,4127
emotion,4128
jet,4129
submarine,4130
hillside,4131
planes,4132
slam,4133
testified,4134
intentions,4135
consuming,4136
sacrifice,4137
gladly,4138
youbaby,4139
lovely,4140
papa,4141
harp,4142
sovereign,4143
nations,4144
unite,4145
treasure,4146
cherishing,4147
paling,4148
comparison,4149
megot,4150
150,4151
flash,4152
dominoes,4153
treating,4154
lovelet,4155
guts,4156
buttons,4157
existence,4158
bear,4159
bettershe,4160
unnoticed,4161
craves,4162
praises,4163
image,4164
prays,4165
sculpted,4166
woes,4167
covergirls,4168
surface,4169
clearer,4170
beautifuli,4171
fifths,4172
biting,4173
lip,4174
tame,4175
guaranteed,4176
mwah,4177
mwahi,4178
wrath,4179
lovesick,4180
cure,4181
north,4182
temperature,4183
looked,4184
judging,4185
moonlight,4186
delight,4187
delightpuse,4188
los,4189
frenos,4190
para,4191
arranques,4192
con,4193
las,4194
mismas,4195
mentiras,4196
todos,4197
saben,4198
corazon,4199
tienes,4200
llaves,4201
perdiste,4202
ese,4203
dia,4204
fallaste,4205
debes,4206
estar,4207
te,4208
voy,4209
perdonar,4210
vete,4211
ti,4212
atrapan,4213
juro,4214
pienso,4215
regresar,4216
guardas,4217
secretos,4218
conocen,4219
eres,4220
un,4221
idiota,4222
vestido,4223
hombre,4224
borra,4225
numero,4226
tambien,4227
nombre,4228
interesa,4229
saber,4230
escondes,4231
actin,4232
paranoid,4233
yeahdon,4234
tells,4235
headline,4236
funk,4237
trunk,4238
deepest,4239
broccoli,4240
g6,4241
miami,4242
yeahtoday,4243
winding,4244
wonderwall,4245
wonderwalltime,4246
lifts,4247
burden,4248
removed,4249
ridge,4250
shenandoah,4251
younger,4252
country,4253
miner,4254
dusty,4255
moonshine,4256
teardrop,4257
gypsies,4258
highway,4259
insisting,4260
youuh,4261
stamina,4262
kendrick,4263
lamar,4264
wisdom,4265
fallen,4266
youth,4267
dues,4268
transform,4269
effort,4270
letdowns,4271
sia,4272
roses,4273
attack,4274
cat,4275
silhouettes,4276
reassure,4277
lure,4278
yeahsmoke,4279
fahrenheit,4280
rocket,4281
fourth,4282
labor,4283
curve,4284
lovethough,4285
granted,4286
stranded,4287
captured,4288
greed,4289
core,4290
ohwhen,4291
traffic,4292
bored,4293
brushing,4294
luckiest,4295
lifewould,4296
warning,4297
cruise,4298
excited,4299
horizon,4300
smiled,4301
sober,4302
vows,4303
goand,4304
sensation,4305
drives,4306
obsessed,4307
lasts,4308
myselfcaptured,4309
cap,4310
wrapping,4311
blacktop,4312
boyoh,4313
goodnight,4314
countin,4315
crawlin,4316
heel,4317
havin,4318
stayin,4319
tossin,4320
dreamin,4321
carryin,4322
kissall,4323
pretended,4324
daythinking,4325
unheard,4326
carefully,4327
pierce,4328
dye,4329
blonde,4330
independency,4331
refuse,4332
guarded,4333
lots,4334
wayleigh,4335
mummy,4336
laundry,4337
flirting,4338
cigs,4339
clues,4340
bluetooth,4341
whitey,4342
tighties,4343
muffin,4344
bump,4345
weeknd,4346
hottie,4347
totties,4348
mommy,4349
parents,4350
identity,4351
racoon,4352
highlights,4353
bangs,4354
parties,4355
ashamed,4356
bare,4357
status,4358
trynna,4359
mention,4360
dibs,4361
market,4362
cheek,4363
dibsi,4364
nadua,4365
lipa,4366
vibe,4367
sean,4368
sweetie,4369
badness,4370
metals,4371
gear,4372
mami,4373
hypnotic,4374
acknowledge,4375
beam,4376
scottie,4377
dua,4378
li,4379
ie,4380
preferred,4381
represent,4382
magnificent,4383
ieeverybody,4384
brighter,4385
sets,4386
mystified,4387
lighters,4388
jaywalking,4389
endlessly,4390
swinging,4391
notes,4392
flickering,4393
lighter,4394
firewhere,4395
scraped,4396
search,4397
thirsty,4398
soldiershe,4399
aspartame,4400
boomerang,4401
ritalin,4402
medicine,4403
yayou,4404
gunna,4405
jacket,4406
knot,4407
attach,4408
mail,4409
dialing,4410
bands,4411
worki,4412
neck,4413
liner,4414
tailgate,4415
speakers,4416
moonlights,4417
tops,4418
breezing,4419
engine,4420
idling,4421
translate,4422
vibes,4423
parked,4424
pines,4425
oni,4426
awesome,4427
force,4428
lighting,4429
mazing,4430
trough,4431
stopin,4432
areclock,4433
strikes,4434
begins,4435
loneliness,4436
calls,4437
dancelet,4438
oo,4439
emotions,4440
aah,4441
dreads,4442
lyric,4443
wee,4444
moreyo,4445
youthese,4446
grin,4447
adorn,4448
fists,4449
protect,4450
neglect,4451
affect,4452
le,4453
suga,4454
youkonvict,4455
konvict,4456
peeped,4457
stones,4458
pinky,4459
houndin,4460
sizin,4461
advantage,4462
takin,4463
resist,4464
watchin,4465
snatch,4466
callin,4467
dude,4468
mall,4469
lettin,4470
eberybody,4471
stopdua,4472
iewhen,4473
losin,4474
brightest,4475
cleansed,4476
veins,4477
healin,4478
savin,4479
holystill,4480
hula,4481
dash,4482
practicality,4483
leather,4484
starlet,4485
ban,4486
80,4487
mercedes,4488
classic,4489
decade,4490
glitter,4491
seats,4492
mercedessome,4493
glue,4494
float,4495
feather,4496
weather,4497
wakin,4498
bucks,4499
religion,4500
listenin,4501
awaysorry,4502
shrine,4503
foldin,4504
wahala,4505
dey,4506
plenty,4507
climbed,4508
covered,4509
landslide,4510
tides,4511
bolder,4512
downjust,4513
tweaking,4514
schizo,4515
tips,4516
twitch,4517
tuning,4518
hollering,4519
crew,4520
explode,4521
emoticon,4522
cnn,4523
ening,4524
nurse,4525
lithium,4526
sights,4527
homethere,4528
wildflower,4529
banged,4530
scarred,4531
rickety,4532
borrow,4533
grain,4534
iton,4535
necks,4536
spinnin,4537
nines,4538
pent,4539
smilin,4540
goodsorry,4541
shots,4542
van,4543
handmade,4544
magnet,4545
thrifty,4546
driver,4547
bedsheets,4548
yougot,4549
braids,4550
15,4551
belt,4552
curves,4553
hers,4554
boondocks,4555
tall,4556
headed,4557
inch,4558
valentine,4559
valentineyeah,4560
collar,4561
ciao,4562
adios,4563
smarter,4564
differently,4565
donei,4566
sideways,4567
believes,4568
horses,4569
trojan,4570
corvette,4571
ill,4572
jockeys,4573
oughta,4574
jail,4575
verge,4576
bein,4577
obscene,4578
limousine,4579
corvettewell,4580
mustang,4581
montana,4582
fields,4583
gunning,4584
unreigned,4585
untamed,4586
golden,4587
rays,4588
reading,4589
legends,4590
myths,4591
achilles,4592
hercules,4593
gifts,4594
spiderman,4595
batman,4596
clearly,4597
superhuman,4598
superhero,4599
bliss,4600
doo,4601
testaments,4602
eclipse,4603
unrolls,4604
fits,4605
thislate,4606
kissin,4607
spice,4608
youthe,4609
draws,4610
rubbin,4611
dat,4612
ashanti,4613
patiently,4614
anticipating,4615
nelly,4616
ur,4617
lets,4618
mistaken,4619
attractions,4620
ironic,4621
bon,4622
trippin,4623
rent,4624
shorty,4625
slower,4626
lower,4627
slicker,4628
lody,4629
dody,4630
yah,4631
debatin,4632
shoooooowww,4633
meokay,4634
coconut,4635
moonheads,4636
pea,4637
sale,4638
mysterious,4639
tag,4640
ching,4641
bling,4642
video,4643
hoes,4644
guarantee,4645
hashtag,4646
garage,4647
guitars,4648
thirty,4649
seconds,4650
mars,4651
leaping,4652
undefeatable,4653
odds,4654
jessie,4655
taga,4656
strangled,4657
kills,4658
stake,4659
uhusually,4660
trick,4661
clears,4662
surefire,4663
peeked,4664
curtain,4665
songi,4666
thisla,4667
vida,4668
empezó,4669
cambiar,4670
conocí,4671
tenía,4672
perder,4673
cosa,4674
siguio,4675
así,4676
sostén,4677
rayas,4678
pelo,4679
medio,4680
hacer,4681
pensé,4682
éste,4683
todavía,4684
niño,4685
pero,4686
andaba,4687
recomendando,4688
creí,4689
estaba,4690
soñando,4691
qué,4692
quejando,4693
sé,4694
pensando,4695
pal,4696
cielo,4697
pateando,4698
enamoré,4699
enanamoré,4700
vi,4701
solito,4702
lancé,4703
enanamo,4704
mira,4705
bonita,4706
boca,4707
mas,4708
redondita,4709
gusta,4710
esa,4711
barbita,4712
baile,4713
hasta,4714
canse,4715
enanamore,4716
nos,4717
enamoramos,4718
mojito,4719
dos,4720
mojitos,4721
ojitos,4722
bonitos,4723
quedo,4724
otro,4725
ratito,4726
contigo,4727
tendría,4728
diez,4729
hijos,4730
empecemos,4731
por,4732
par,4733
solamente,4734
digo,4735
quieres,4736
practicarlo,4737
único,4738
estoy,4739
diciendo,4740
vayamonos,4741
conociendo,4742
está,4743
proponiendo,4744
entusiasmando,4745
todo,4746
va,4747
resultando,4748
bien,4749
ratico,4750
nunca,4751
fuera,4752
fijarías,4753
entregué,4754
este,4755
pa,4756
nadie,4757
entregue,4758
nadiei,4759
confessing,4760
inhibitions,4761
manipulate,4762
hesitation,4763
backevery,4764
heartland,4765
farmtown,4766
fencepost,4767
concrete,4768
zip,4769
code,4770
pounded,4771
chevrolet,4772
pin,4773
sport,4774
pair,4775
denim,4776
patched,4777
twenties,4778
post,4779
card,4780
shinesweet,4781
creature,4782
stubborn,4783
bothered,4784
homehuncho,4785
quavo,4786
prize,4787
1d,4788
rowdy,4789
lightly,4790
f1,4791
ferrari,4792
6,4793
grinds,4794
strip,4795
swept,4796
ih,4797
thug,4798
cl,4799
skrrt,4800
huncho,4801
ay,4802
raindrops,4803
blinking,4804
halfway,4805
apologized,4806
pump,4807
zones,4808
understandi,4809
oohsummer,4810
blanket,4811
feathers,4812
worlds,4813
bydarkchild,4814
toni,4815
braxton,4816
darkchild,4817
tcha,4818
blaming,4819
dumped,4820
begged,4821
worrying,4822
hopefully,4823
tan,4824
knockoff,4825
ticking,4826
winds,4827
canon,4828
goodno,4829
steep,4830
souls,4831
cupid,4832
youwoke,4833
umbrellas,4834
fucked,4835
shelter,4836
rainturn,4837
flirt,4838
drinkin,4839
texting,4840
tattoo,4841
reminiscing,4842
toothbrush,4843
shelf,4844
sandso,4845
rail,4846
veil,4847
trade,4848
ashes,4849
exchange,4850
cage,4851
fish,4852
bowl,4853
herewho,4854
vodka,4855
reminisce,4856
flipside,4857
graveyard,4858
signi,4859
barefoot,4860
favourite,4861
whispered,4862
shares,4863
tonightahh,4864
ahh,4865
practice,4866
santeria,4867
heina,4868
sancho,4869
slap,4870
define,4871
sanchito,4872
barrel,4873
punk,4874
yeahmaybe,4875
damage,4876
product,4877
papers,4878
painting,4879
pulse,4880
owe,4881
meooh,4882
automatic,4883
realise,4884
prepares,4885
idea,4886
effect,4887
oohcold,4888
bold,4889
lusts,4890
taming,4891
warned,4892
highs,4893
blurring,4894
intoxicate,4895
nicotine,4896
heroin,4897
morphine,4898
fiend,4899
sucker,4900
overdose,4901
sameall,4902
champagne,4903
welcome,4904
blinds,4905
duck,4906
pad,4907
throwin,4908
homerun,4909
dunk,4910
touchdown,4911
casa,4912
housei,4913
information,4914
bridges,4915
shore,4916
bulletproof,4917
unsaid,4918
tick,4919
century,4920
genie,4921
impression,4922
hormones,4923
outwe,4924
pissing,4925
cider,4926
danny,4927
nextdoor,4928
neighbour,4929
downsomebody,4930
stupid,4931
stilettos,4932
owngive,4933
feedin,4934
withdrawl,4935
beggin,4936
cravin,4937
missin,4938
extreme,4939
satisfying,4940
mandy,4941
candyoh,4942
champions,4943
unity,4944
begun,4945
equal,4946
colorsi,4947
chemistry,4948
swore,4949
youthis,4950
east,4951
nightstand,4952
nikes,4953
chill,4954
delicate,4955
handsome,4956
echoes,4957
footsteps,4958
defeated,4959
reasonwoo,4960
excuses,4961
disrespect,4962
hast,4963
du,4964
etwas,4965
zeit,4966
für,4967
mich,4968
dann,4969
singe,4970
ich,4971
ein,4972
dich,4973
von,4974
neunundneunzig,4975
luftballons,4976
auf,4977
ihrem,4978
weg,4979
zum,4980
horizont,4981
denkst,4982
vielleicht,4983
grad,4984
und,4985
dass,4986
sowas,4987
kommt,4988
hielt,4989
ufos,4990
aus,4991
dem,4992
darum,4993
schickte,4994
general,4995
ne,4996
fliegerstaffel,4997
hinterher,4998
alarm,4999
zu,5000
geben,5001
wenn,5002
wär,5003
dabei,5004
dort,5005
nur,5006
düsenflieger,5007
jeder,5008
großer,5009
krieger,5010
hielten,5011
sich,5012
captain,5013
kirk,5014
gab,5015
großes,5016
feuerwerk,5017
nachbarn,5018
haben,5019
nichts,5020
gerafft,5021
fühlten,5022
gleich,5023
angemacht,5024
schoss,5025
kriegsminister,5026
streichholz,5027
benzinkanister,5028
schlaue,5029
leute,5030
witterten,5031
schon,5032
fette,5033
beute,5034
riefen,5035
krieg,5036
wollten,5037
macht,5038
mann,5039
wer,5040
hätte,5041
das,5042
gedacht,5043
einmal,5044
weit,5045
wegen,5046
jahre,5047
ließen,5048
keinen,5049
platz,5050
sieger,5051
gibt,5052
nicht,5053
mehr,5054
auch,5055
keine,5056
heute,5057
zieh,5058
meine,5059
runden,5060
seh,5061
welt,5062
trümmern,5063
liegen,5064
hab,5065
luftballon,5066
gefunden,5067
denk,5068
lass,5069
ihn,5070
fliegenyou,5071
consider,5072
bloom,5073
lifesaid,5074
rear,5075
drummer,5076
trail,5077
desperate,5078
tribulations,5079
leaning,5080
